Rank,Company,Website
1,GoodFirms,https://www.goodfirms.co/companies/web-development-agency
2,DesignRush,https://www.designrush.com/agency/web-development-companies
3,DevsClub,https://www.devsclub.gr/the-20-richest-programmers-in-the-world/
4,ProfileTree,"https://profiletree.com/what-are-the-three-web-technologies/#:~:text=Now%2C%20let's%20move%20back%20to,HTML%2C%20CSS%2C%20and%20JavaScript."
5,DesignRush,https://www.designrush.com/agency/web-development-companies
6,Matebiz,https://www.matebiz.com/
7,Netguru,https://www.netguru.com/services/web-development
8,ScienceSoft,https://www.scnsoft.com/web-development
9,Clutch.co,https://clutch.co/web-developers
10,SelectedFirms,https://selectedfirms.co/companies/web-development/india
11,Upwork,https://www.upwork.com/agencies/web-development-agencies/
12,ColorWhistle,https://colorwhistle.com/
13,GoodFirms,https://www.goodfirms.co/companies/web-development-agency
14,Konigle,https://konigle.com/info/i/web-development-companies-noida
15,Semrush,https://agencies.semrush.com/list/web-development/india/
16,Appnovation,https://www.appnovation.com/services/web-development
17,Rankon Technologies Pvt Ltd,https://www.rankontechnologies.com/web-development-company-india/
18,TechBehemoths,https://techbehemoths.com/companies/web-development/noida
19,Acodez IT Solutions,https://acodez.in/
20,LinkedIn · Palak Shah,https://www.linkedin.com/pulse/top-web-development-companies-india-2025-palak-shah-xwoff
21,EitBiz,https://www.eitbiz.com/
22,TopDevelopers.co,https://www.topdevelopers.co/directory/web-development-companies
23,Radixweb,https://radixweb.com/services/web-development
24,Webandcrafts,https://webandcrafts.com/services/web-development
25,Nexevo Technologies,https://www.nexevo.in/
26,WebHopers,https://www.webhopers.com/web-development-company-india
27,PixelCrayons,https://www.pixelcrayons.com/services/software-engineering/website-development-company
28,Sortlist,https://www.sortlist.com/web-development/delhi-dl-in
29,TechMagic,https://www.techmagic.co/blog/top-web-development-companies
30,thethunderclap.com,https://www.thethunderclap.com/blog/web-design-and-development-companies-in-india
31,Wellfound,https://wellfound.com/startups/industry/web-development
32,Konstantinfo,https://www.konstantinfo.com/blog/web-development-companies-in-india/
33,GUVI,https://www.guvi.in/blog/top-web-development-companies-in-bangalore/
34,Debut Infotech,https://www.debutinfotech.com/blog/top-10-web-development-companies
35,N-iX,https://www.n-ix.com/top-web-development-companies/
36,Techreviewer,https://techreviewer.co/top-web-development-companies
37,Connect Infosoft Technologies Pvt.Ltd.,https://www.connectinfosoft.com/web-development-service-company/?srsltid=AfmBOopgNmLKwVzHwU102SNLLWpfy0Gy0QIfUlmInobfE4eUndP5ITHE
38,Clarion Technologies,https://www.clariontech.com/blog/top-full-stack-development-companies-india
39,ValueCoders,https://www.valuecoders.com/top-website-development-company
40,Webgen Technologies,https://www.webgentechnologies.com/services/web-development/
41,Right Firms,https://www.rightfirms.co/directory/web-development
42,webdevelopmentcompany.in,http://www.webdevelopmentcompany.in/
43,UpCity,https://upcity.com/in/website-development
44,Americaneagle.com,https://www.americaneagle.com/
45,wdipl,https://www.wdipl.com/
46,Orange Digital Marketing,https://www.orangedigitalmarketing.in/blog/Web-Development-Companies-in-Chennai
47,Brew My Idea,https://www.brewmyidea.com/best-web-development-company-in-mumbai
48,Skillions,https://skillions.in/top-10-web-development-companies-in-india/
49,Wikipedia,https://en.wikipedia.org/wiki/Web_development
50,bloomagency.in,https://bloomagency.in/top-10-web-development-companies-in-india/
51,RocketDevs,https://rocketdevs.com/blog/top-web-development-companies
